{"cameraMode":{"drawMode":0,"name":"Shaded","section":"Shading Mode"},"sceneLighting":true,"audioPlay":false,"sceneViewState":{"showFog":false,"showMaterialUpdate":false,"showSkybox":false,"showFlares":false,"showImageEffects":false,"showParticleSystems":true},"in2DMode":false,"pivot":{"x":-169.6440887451172,"y":-347.2271423339844,"z":151.45936584472657},"rotation":{"x":0.4527985751628876,"y":-0.11629554629325867,"z":0.05970445275306702,"w":0.8819774389266968},"size":929.1952514648438,"orthographic":false}