{"cameraMode":{"drawMode":0,"name":"Shaded","section":"Shading Mode"},"sceneLighting":true,"audioPlay":false,"sceneViewState":{"showFog":true,"showMaterialUpdate":false,"showSkybox":true,"showFlares":true,"showImageEffects":true,"showParticleSystems":true},"in2DMode":false,"pivot":{"x":5.900001525878906,"y":13.200000762939454,"z":-98.80000305175781},"rotation":{"x":0.09862946718931198,"y":-0.4013125002384186,"z":0.04350997507572174,"w":0.9095754027366638},"size":338.14935302734377,"orthographic":true}