{"cameraMode":{"drawMode":0,"name":"Shaded","section":"Shading Mode"},"sceneLighting":true,"audioPlay":false,"sceneViewState":{"showFog":true,"showMaterialUpdate":false,"showSkybox":true,"showFlares":true,"showImageEffects":true,"showParticleSystems":true},"in2DMode":false,"pivot":{"x":-21.121761322021486,"y":3.5,"z":-149.484130859375},"rotation":{"x":0.09430862218141556,"y":-0.03585042804479599,"z":0.0033927883487194778,"w":0.9948915243148804},"size":171.14599609375,"orthographic":true}